perturbation,accuracy
none,0.9845238095238096
rotation,0.9711904761904762
shift,0.370952380952381
noise,0.9840476190476191
blur,0.964047619047619
